{"place-9": [14.506414600000994, 4.177522580000215], "place-8": [13.150353800000403, 4.172238820000018], "place-5": [7.4099203000002944, 4.173807000000096], "place-4": [5.6792706000010185, 4.176827469999722], "place-7": [11.623998000000313, 4.169057040000013], "place-6": [9.51545920000001, 4.168282100000198], "place-1": [0.0, 2.4002320800001087], "place-3": [3.384537300000545, 4.180854599999861], "place-2": [1.158102000000838, 4.182080969999902], "place-40": [21.448730100000546, 0.030726720000018304], "place-41": [19.364191100000028, 0.060550959999972065], "place-20": [28.28321380000034, 4.0839603000002], "place-21": [29.852468500000384, 4.08994143000001], "place-22": [32.28359730000108, 4.046213280000188], "place-23": [33.72055570000043, 4.040996189999646], "place-24": [17.65075640000049, 0.8365551300002494], "place-25": [17.68587180000054, 1.6553375599997366], "place-26": [17.72288880000019, 2.554318290000168], "place-27": [17.754820900000823, 4.200183439999705], "place-28": [18.43401699999987, 4.9847589199998765], "place-29": [19.53338450000075, 4.951346530000222], "place-19": [27.11074759999974, 4.077874429999895], "place-18": [25.68268880000062, 4.0726915900002325], "place-11": [17.361532400001067, 4.20388805000016], "place-10": [15.78567760000027, 4.1791073200002415], "place-13": [19.668365700000834, 4.21046043000004], "place-12": [17.761220900000296, 4.205283259999959], "place-15": [22.324587700001075, 4.155629919999626], "place-14": [21.260919099999853, 4.186541949999878], "place-17": [23.90014100000002, 4.1037122100000545], "place-16": [23.25875989999986, 4.12101949999979], "place-33": [24.80632130000089, 4.425894650000117], "place-32": [23.838657200001023, 4.817898000000298], "place-31": [21.883615699999837, 4.914319299999903], "place-30": [20.53345489999998, 4.9196352700001], "place-37": [25.472928800000716, 0.7935627199998407], "place-36": [25.50484300000022, 1.5420466800001975], "place-35": [25.548260200000072, 2.4609269300000847], "place-34": [25.671589400000983, 4.084791470000226], "place-39": [22.91348740000103, 0.021809430000274688], "place-38": [23.742163000000005, 0.0]}
